-- ═══════════════════════════════════════════════════════════════════════════════
-- Seeds — dados ATUAIS da base de dados economia_historia (inclui Explorar).
-- Executar depois de criar a estrutura (schema_completo.sql).
-- ═══════════════════════════════════════════════════════════════════════════════

USE `economia_historia`;


/*!40101 SET @OLD_CHARACTER_SET_CLIENT=@@CHARACTER_SET_CLIENT */;
/*!40101 SET @OLD_CHARACTER_SET_RESULTS=@@CHARACTER_SET_RESULTS */;
/*!40101 SET @OLD_COLLATION_CONNECTION=@@COLLATION_CONNECTION */;
/*!40101 SET NAMES utf8mb4 */;
/*!40103 SET @OLD_TIME_ZONE=@@TIME_ZONE */;
/*!40103 SET TIME_ZONE='+00:00' */;
/*!40014 SET @OLD_FOREIGN_KEY_CHECKS=@@FOREIGN_KEY_CHECKS, FOREIGN_KEY_CHECKS=0 */;
/*!40101 SET @OLD_SQL_MODE=@@SQL_MODE, SQL_MODE='NO_AUTO_VALUE_ON_ZERO' */;
/*!40111 SET @OLD_SQL_NOTES=@@SQL_NOTES, SQL_NOTES=0 */;

LOCK TABLES `artigo` WRITE;
/*!40000 ALTER TABLE `artigo` DISABLE KEYS */;
INSERT INTO `artigo` (`id`, `titulo`, `subtitulo`, `slug`, `resumo`, `capa_url`, `categoria`, `tags`, `status`, `destaque`, `autor_id`, `visualizacoes`, `tempo_leitura`, `criado_em`, `atualizado_em`, `publicado_em`) VALUES (1,'A Independência de Angola e os seus Impactos Económicos','Uma análise dos desafios económicos enfrentados por Angola após 1975','independencia-angola-impactos-economicos','Este artigo analisa os principais desafios económicos que Angola enfrentou nos anos que se seguiram à proclamação da independência em 1975, com especial destaque para a hiperinflação, a dependência do petróleo e os esforços de reconstrução pós-guerra.',NULL,'História',NULL,'publicado',1,1,4,8,'2026-06-09 09:56:19','2026-06-13 23:40:46','2026-06-09 09:56:19');
/*!40000 ALTER TABLE `artigo` ENABLE KEYS */;
UNLOCK TABLES;

LOCK TABLES `artigo_autor_permitido` WRITE;
/*!40000 ALTER TABLE `artigo_autor_permitido` DISABLE KEYS */;
/*!40000 ALTER TABLE `artigo_autor_permitido` ENABLE KEYS */;
UNLOCK TABLES;

LOCK TABLES `artigo_bloco` WRITE;
/*!40000 ALTER TABLE `artigo_bloco` DISABLE KEYS */;
INSERT INTO `artigo_bloco` (`id`, `artigo_id`, `tipo`, `conteudo`, `url`, `filename`, `legenda`, `alt_text`, `alinhamento`, `largura`, `ordem`, `meta`, `criado_em`) VALUES (1,1,'paragrafo','A 11 de Novembro de 1975, Angola proclamava a sua independência de Portugal após séculos de colonialismo. Este marco histórico trouxe consigo não apenas a liberdade política, mas também desafios económicos imensos que moldaram o desenvolvimento do país nas décadas seguintes.',NULL,NULL,NULL,NULL,'esquerda','normal',1,NULL,'2026-06-09 09:56:19');
INSERT INTO `artigo_bloco` (`id`, `artigo_id`, `tipo`, `conteudo`, `url`, `filename`, `legenda`, `alt_text`, `alinhamento`, `largura`, `ordem`, `meta`, `criado_em`) VALUES (2,1,'titulo_secao','O Legado Colonial e a Herança Económica',NULL,NULL,NULL,NULL,'esquerda','normal',2,NULL,'2026-06-09 09:56:19');
INSERT INTO `artigo_bloco` (`id`, `artigo_id`, `tipo`, `conteudo`, `url`, `filename`, `legenda`, `alt_text`, `alinhamento`, `largura`, `ordem`, `meta`, `criado_em`) VALUES (3,1,'paragrafo','A economia herdada do período colonial era profundamente assimétrica. As estruturas produtivas foram desenhadas para servir os interesses metropolitanos, deixando Angola com uma base industrial frágil e uma dependência excessiva de matérias-primas — sobretudo petróleo, diamantes e café.',NULL,NULL,NULL,NULL,'esquerda','normal',3,NULL,'2026-06-09 09:56:19');
INSERT INTO `artigo_bloco` (`id`, `artigo_id`, `tipo`, `conteudo`, `url`, `filename`, `legenda`, `alt_text`, `alinhamento`, `largura`, `ordem`, `meta`, `criado_em`) VALUES (4,1,'destaque','O petróleo representava, em meados da década de 1980, mais de 90% das receitas de exportação angolanas.',NULL,NULL,NULL,NULL,'esquerda','normal',4,NULL,'2026-06-09 09:56:19');
INSERT INTO `artigo_bloco` (`id`, `artigo_id`, `tipo`, `conteudo`, `url`, `filename`, `legenda`, `alt_text`, `alinhamento`, `largura`, `ordem`, `meta`, `criado_em`) VALUES (5,1,'titulo_secao','Guerra Civil e Impacto Económico',NULL,NULL,NULL,NULL,'esquerda','normal',5,NULL,'2026-06-09 09:56:19');
INSERT INTO `artigo_bloco` (`id`, `artigo_id`, `tipo`, `conteudo`, `url`, `filename`, `legenda`, `alt_text`, `alinhamento`, `largura`, `ordem`, `meta`, `criado_em`) VALUES (6,1,'paragrafo','A guerra civil que se seguiu à independência devastou a infraestrutura económica do país. Estradas, pontes, sistemas de irrigação e unidades produtivas foram destruídos. A hiperinflação atingiu valores superiores a 4000% ao ano na década de 1990, corroendo as poupanças e o poder de compra da população.',NULL,NULL,NULL,NULL,'esquerda','normal',6,NULL,'2026-06-09 09:56:19');
/*!40000 ALTER TABLE `artigo_bloco` ENABLE KEYS */;
UNLOCK TABLES;

LOCK TABLES `artigo_comentario` WRITE;
/*!40000 ALTER TABLE `artigo_comentario` DISABLE KEYS */;
/*!40000 ALTER TABLE `artigo_comentario` ENABLE KEYS */;
UNLOCK TABLES;

LOCK TABLES `artigo_usuario` WRITE;
/*!40000 ALTER TABLE `artigo_usuario` DISABLE KEYS */;
/*!40000 ALTER TABLE `artigo_usuario` ENABLE KEYS */;
UNLOCK TABLES;

LOCK TABLES `comentario_conteudo` WRITE;
/*!40000 ALTER TABLE `comentario_conteudo` DISABLE KEYS */;
/*!40000 ALTER TABLE `comentario_conteudo` ENABLE KEYS */;
UNLOCK TABLES;

LOCK TABLES `comentario_conteudo_like` WRITE;
/*!40000 ALTER TABLE `comentario_conteudo_like` DISABLE KEYS */;
/*!40000 ALTER TABLE `comentario_conteudo_like` ENABLE KEYS */;
UNLOCK TABLES;

LOCK TABLES `conteudo` WRITE;
/*!40000 ALTER TABLE `conteudo` DISABLE KEYS */;
INSERT INTO `conteudo` (`id`, `titulo`, `descricao`, `conteudo_completo`, `tipo`, `categoria`, `tema`, `duracao`, `url_recurso`, `recurso_filename`, `imagem_filename`, `video_filename`, `apresentador`, `categoria_podcast`, `cache_offline`, `visualizacoes`, `publicado_por`, `publicado_em`) VALUES (1,'Inflação em Angola: 1990–2014','Uma análise detalhada do fenómeno inflacionário em Angola durante o período pós-independência até à estabilização económica.',NULL,'video','Economia','Inflação','18:45',NULL,NULL,NULL,NULL,NULL,NULL,0,0,1,'2026-06-09 09:56:18');
INSERT INTO `conteudo` (`id`, `titulo`, `descricao`, `conteudo_completo`, `tipo`, `categoria`, `tema`, `duracao`, `url_recurso`, `recurso_filename`, `imagem_filename`, `video_filename`, `apresentador`, `categoria_podcast`, `cache_offline`, `visualizacoes`, `publicado_por`, `publicado_em`) VALUES (2,'Comércio no Período Colonial','Como as rotas comerciais moldaram a economia angolana durante o colonialismo português.',NULL,'texto_normal','História','Período Colonial','15 min leitura',NULL,NULL,NULL,NULL,NULL,NULL,0,0,1,'2026-06-09 09:56:18');
INSERT INTO `conteudo` (`id`, `titulo`, `descricao`, `conteudo_completo`, `tipo`, `categoria`, `tema`, `duracao`, `url_recurso`, `recurso_filename`, `imagem_filename`, `video_filename`, `apresentador`, `categoria_podcast`, `cache_offline`, `visualizacoes`, `publicado_por`, `publicado_em`) VALUES (3,'Mulheres nos Negócios em Angola','O papel crescente das mulheres empreendedoras na economia angolana contemporânea.',NULL,'podcast','Economia','Empreendedorismo','42:10',NULL,NULL,NULL,NULL,NULL,NULL,0,0,1,'2026-06-09 09:56:18');
INSERT INTO `conteudo` (`id`, `titulo`, `descricao`, `conteudo_completo`, `tipo`, `categoria`, `tema`, `duracao`, `url_recurso`, `recurso_filename`, `imagem_filename`, `video_filename`, `apresentador`, `categoria_podcast`, `cache_offline`, `visualizacoes`, `publicado_por`, `publicado_em`) VALUES (4,'O Papel do Petróleo na Economia Angolana','Análise crítica da dependência do petróleo e os desafios para a diversificação económica.',NULL,'texto_jindungo','Economia','Petróleo','20 min leitura',NULL,NULL,NULL,NULL,NULL,NULL,0,0,1,'2026-06-09 09:56:18');
INSERT INTO `conteudo` (`id`, `titulo`, `descricao`, `conteudo_completo`, `tipo`, `categoria`, `tema`, `duracao`, `url_recurso`, `recurso_filename`, `imagem_filename`, `video_filename`, `apresentador`, `categoria_podcast`, `cache_offline`, `visualizacoes`, `publicado_por`, `publicado_em`) VALUES (5,'A Reforma Monetária de 1999','Como a substituição do Kwanza antigo impactou o quotidiano dos angolanos.',NULL,'video','Economia','Moeda','22:30',NULL,NULL,NULL,NULL,NULL,NULL,0,0,1,'2026-06-09 09:56:18');
INSERT INTO `conteudo` (`id`, `titulo`, `descricao`, `conteudo_completo`, `tipo`, `categoria`, `tema`, `duracao`, `url_recurso`, `recurso_filename`, `imagem_filename`, `video_filename`, `apresentador`, `categoria_podcast`, `cache_offline`, `visualizacoes`, `publicado_por`, `publicado_em`) VALUES (6,'História da Moeda Angolana','Das conchas zimbabweanas ao Kwanza: a evolução do sistema monetário em Angola.',NULL,'texto_normal','História','Moeda','12 min leitura',NULL,NULL,NULL,NULL,NULL,NULL,0,0,1,'2026-06-09 09:56:18');
/*!40000 ALTER TABLE `conteudo` ENABLE KEYS */;
UNLOCK TABLES;

LOCK TABLES `conteudo_reacao` WRITE;
/*!40000 ALTER TABLE `conteudo_reacao` DISABLE KEYS */;
/*!40000 ALTER TABLE `conteudo_reacao` ENABLE KEYS */;
UNLOCK TABLES;

LOCK TABLES `conteudo_salvo` WRITE;
/*!40000 ALTER TABLE `conteudo_salvo` DISABLE KEYS */;
/*!40000 ALTER TABLE `conteudo_salvo` ENABLE KEYS */;
UNLOCK TABLES;

LOCK TABLES `denuncia` WRITE;
/*!40000 ALTER TABLE `denuncia` DISABLE KEYS */;
/*!40000 ALTER TABLE `denuncia` ENABLE KEYS */;
UNLOCK TABLES;

LOCK TABLES `denuncia_conteudo` WRITE;
/*!40000 ALTER TABLE `denuncia_conteudo` DISABLE KEYS */;
/*!40000 ALTER TABLE `denuncia_conteudo` ENABLE KEYS */;
UNLOCK TABLES;

LOCK TABLES `episodio_podcast` WRITE;
/*!40000 ALTER TABLE `episodio_podcast` DISABLE KEYS */;
/*!40000 ALTER TABLE `episodio_podcast` ENABLE KEYS */;
UNLOCK TABLES;

LOCK TABLES `forum_enquete` WRITE;
/*!40000 ALTER TABLE `forum_enquete` DISABLE KEYS */;
/*!40000 ALTER TABLE `forum_enquete` ENABLE KEYS */;
UNLOCK TABLES;

LOCK TABLES `forum_enquete_opcao` WRITE;
/*!40000 ALTER TABLE `forum_enquete_opcao` DISABLE KEYS */;
/*!40000 ALTER TABLE `forum_enquete_opcao` ENABLE KEYS */;
UNLOCK TABLES;

LOCK TABLES `forum_enquete_voto` WRITE;
/*!40000 ALTER TABLE `forum_enquete_voto` DISABLE KEYS */;
/*!40000 ALTER TABLE `forum_enquete_voto` ENABLE KEYS */;
UNLOCK TABLES;

LOCK TABLES `like_resposta_forum` WRITE;
/*!40000 ALTER TABLE `like_resposta_forum` DISABLE KEYS */;
/*!40000 ALTER TABLE `like_resposta_forum` ENABLE KEYS */;
UNLOCK TABLES;

LOCK TABLES `livro_do_dia` WRITE;
/*!40000 ALTER TABLE `livro_do_dia` DISABLE KEYS */;
INSERT INTO `livro_do_dia` (`id`, `titulo`, `autor`, `ano`, `editora`, `genero`, `autor_image_filename`, `sobre_autor`, `trecho`, `citacao_destaque`, `likes`, `comentarios`, `publicado_em`) VALUES (1,'Angola: Uma Economia em Transição','Alves da Rocha','2010','Edições Mayamba','Economia',NULL,'Alves da Rocha é economista e professor universitário angolano, reconhecido pelos seus estudos sobre desenvolvimento económico em África.','A economia angolana carrega o peso da dependência petrolífera e a esperança de uma diversificação que tarda em chegar mas que é inevitável para a soberania real do país.','O petróleo financiou a paz, mas só a educação pode financiar o futuro.',0,0,'2026-06-09 09:56:19');
/*!40000 ALTER TABLE `livro_do_dia` ENABLE KEYS */;
UNLOCK TABLES;

LOCK TABLES `notificacao` WRITE;
/*!40000 ALTER TABLE `notificacao` DISABLE KEYS */;
INSERT INTO `notificacao` (`id`, `usuario_id`, `tipo`, `entidade_id`, `titulo`, `mensagem`, `link_destino`, `lida`, `lida_em`, `criada_em`) VALUES (1,2,'novo_quiz',NULL,'Novo Quiz Disponível','Um novo quiz sobre Economia Angolana foi publicado. Teste os seus conhecimentos!','/resources',0,NULL,'2026-06-09 09:56:19');
INSERT INTO `notificacao` (`id`, `usuario_id`, `tipo`, `entidade_id`, `titulo`, `mensagem`, `link_destino`, `lida`, `lida_em`, `criada_em`) VALUES (2,2,'novo_topico',NULL,'Novo Tópico no Fórum','Maria Fernanda criou um novo tópico: \"Inflação e o custo de vida em Luanda\"','/forum',0,NULL,'2026-06-09 09:56:19');
INSERT INTO `notificacao` (`id`, `usuario_id`, `tipo`, `entidade_id`, `titulo`, `mensagem`, `link_destino`, `lida`, `lida_em`, `criada_em`) VALUES (3,3,'novo_quiz',NULL,'Novo Quiz Disponível','Um novo quiz sobre História de Angola foi publicado.','/resources',0,NULL,'2026-06-09 09:56:19');
INSERT INTO `notificacao` (`id`, `usuario_id`, `tipo`, `entidade_id`, `titulo`, `mensagem`, `link_destino`, `lida`, `lida_em`, `criada_em`) VALUES (4,4,'novo_topico',NULL,'Novo Tópico no Fórum','Carlos Mendonça iniciou um debate sobre diversificação económica.','/forum',0,NULL,'2026-06-09 09:56:19');
INSERT INTO `notificacao` (`id`, `usuario_id`, `tipo`, `entidade_id`, `titulo`, `mensagem`, `link_destino`, `lida`, `lida_em`, `criada_em`) VALUES (5,6,'novo_quiz',NULL,'Permissão Atribuída','O administrador autorizou-te a criar quizzes no Explorar.','/resources',0,NULL,'2026-06-09 09:56:19');
/*!40000 ALTER TABLE `notificacao` ENABLE KEYS */;
UNLOCK TABLES;

LOCK TABLES `password_resets` WRITE;
/*!40000 ALTER TABLE `password_resets` DISABLE KEYS */;
/*!40000 ALTER TABLE `password_resets` ENABLE KEYS */;
UNLOCK TABLES;

LOCK TABLES `playlist_item` WRITE;
/*!40000 ALTER TABLE `playlist_item` DISABLE KEYS */;
/*!40000 ALTER TABLE `playlist_item` ENABLE KEYS */;
UNLOCK TABLES;

LOCK TABLES `progresso_utilizador` WRITE;
/*!40000 ALTER TABLE `progresso_utilizador` DISABLE KEYS */;
/*!40000 ALTER TABLE `progresso_utilizador` ENABLE KEYS */;
UNLOCK TABLES;

LOCK TABLES `provincia` WRITE;
/*!40000 ALTER TABLE `provincia` DISABLE KEYS */;
INSERT INTO `provincia` (`id`, `slug`, `nome`, `capital`, `governador`, `extensao`, `num_municipios`, `linguas`, `etnias`, `atualizado_em`) VALUES (1,'bengo','Bengo','Dande','Maria Ant??nia Nelumba','31.371 km??',12,'Kimbundu, Kikongo, Portugu??s','Ambundu, Bakongo','2026-06-22 10:28:07');
INSERT INTO `provincia` (`id`, `slug`, `nome`, `capital`, `governador`, `extensao`, `num_municipios`, `linguas`, `etnias`, `atualizado_em`) VALUES (2,'benguela','Benguela','Benguela','Manuel Nunes J??nior','39.827 km??',21,'Umbundu, Ohvanyaneka, Portugu??s','Ovimbundu, Ohvanyaneka','2026-06-22 10:28:07');
INSERT INTO `provincia` (`id`, `slug`, `nome`, `capital`, `governador`, `extensao`, `num_municipios`, `linguas`, `etnias`, `atualizado_em`) VALUES (3,'bie','Bi??','Cuito','Celeste Elavoco David Adolfo','70.314 km??',18,'Umbundu, Portugu??s','Bailundo','2026-06-22 10:28:07');
INSERT INTO `provincia` (`id`, `slug`, `nome`, `capital`, `governador`, `extensao`, `num_municipios`, `linguas`, `etnias`, `atualizado_em`) VALUES (4,'cabinda','Cabinda','Cabinda','Suzana Fernanda Pemba Massiala de Abreu','7.283 km??',10,'Kikongo, Fiote, Portugu??s','Bakongo','2026-06-22 10:28:07');
INSERT INTO `provincia` (`id`, `slug`, `nome`, `capital`, `governador`, `extensao`, `num_municipios`, `linguas`, `etnias`, `atualizado_em`) VALUES (5,'cubango','Cubango','Menongue','Jos?? Martins','199.049 km??',11,'Nganguela, Portugu??s','Ovanganguela','2026-06-22 10:28:07');
INSERT INTO `provincia` (`id`, `slug`, `nome`, `capital`, `governador`, `extensao`, `num_municipios`, `linguas`, `etnias`, `atualizado_em`) VALUES (6,'cuanza-norte','Cuanza Norte','Cazengo','Jo??o Diogo Gaspar','24.110 km??',16,'Kimbundu, Portugu??s','Ambundu','2026-06-22 10:28:07');
INSERT INTO `provincia` (`id`, `slug`, `nome`, `capital`, `governador`, `extensao`, `num_municipios`, `linguas`, `etnias`, `atualizado_em`) VALUES (7,'cuanza-sul','Cuanza Sul','Sumbe','Narciso Dam??sio dos Santos Benedito','55.660 km??',21,'Kimbundu, Ubundu, Portugu??s','Ambundu, Ovimbundu','2026-06-22 10:28:07');
INSERT INTO `provincia` (`id`, `slug`, `nome`, `capital`, `governador`, `extensao`, `num_municipios`, `linguas`, `etnias`, `atualizado_em`) VALUES (8,'cunene','Cunene','Cuanhama','Gerdina Ulipamue Didalewa','78.342 km??',13,'Oshiwambo, Portugu??s','Ovambu','2026-06-22 10:28:07');
INSERT INTO `provincia` (`id`, `slug`, `nome`, `capital`, `governador`, `extensao`, `num_municipios`, `linguas`, `etnias`, `atualizado_em`) VALUES (9,'huambo','Huambo','Huambo','Pereira Alfredo','2.609 km??',17,'Umbundu, Portugu??s','Ovimbundu','2026-06-22 10:28:07');
INSERT INTO `provincia` (`id`, `slug`, `nome`, `capital`, `governador`, `extensao`, `num_municipios`, `linguas`, `etnias`, `atualizado_em`) VALUES (10,'huila','Hu??la','Lubango','Nuno Bernab?? Mahapi Dala','79.022 km??',23,'Umbundu, Olunhaneka, Portugu??s','Ovambu','2026-06-22 10:28:07');
INSERT INTO `provincia` (`id`, `slug`, `nome`, `capital`, `governador`, `extensao`, `num_municipios`, `linguas`, `etnias`, `atualizado_em`) VALUES (11,'luanda','Luanda','Ingombota','Lu??s Manuel da Fonseca Nunes','18.826 km??',16,'Kimbundu, Portugu??s','Ambundu','2026-06-22 10:28:07');
INSERT INTO `provincia` (`id`, `slug`, `nome`, `capital`, `governador`, `extensao`, `num_municipios`, `linguas`, `etnias`, `atualizado_em`) VALUES (12,'lunda-norte','Lunda Norte','Dundo','Filomena Elizabete Chitula Miza Aires','103.760 km??',19,'Cokwe, Portugu??s','Cokwe','2026-06-22 10:28:07');
INSERT INTO `provincia` (`id`, `slug`, `nome`, `capital`, `governador`, `extensao`, `num_municipios`, `linguas`, `etnias`, `atualizado_em`) VALUES (13,'lunda-sul','Lunda Sul','Saurimo','Gildo Matias Jos??','77.636 km??',14,'Cokwe, Portugu??s','Cokwe','2026-06-22 10:28:07');
INSERT INTO `provincia` (`id`, `slug`, `nome`, `capital`, `governador`, `extensao`, `num_municipios`, `linguas`, `etnias`, `atualizado_em`) VALUES (14,'malanje','Malanje','Malanje','Marcos Alexandre Nhunga','2.422 km??',26,'Kimbundu, Portugu??s','Ambundu','2026-06-22 10:28:07');
INSERT INTO `provincia` (`id`, `slug`, `nome`, `capital`, `governador`, `extensao`, `num_municipios`, `linguas`, `etnias`, `atualizado_em`) VALUES (15,'moxico','Moxico','Luena','Ernesto Muangala','223.023 km??',10,'Cokwe, Nganguela, Portugu??s','Ovanga','2026-06-22 10:28:07');
INSERT INTO `provincia` (`id`, `slug`, `nome`, `capital`, `governador`, `extensao`, `num_municipios`, `linguas`, `etnias`, `atualizado_em`) VALUES (16,'namibe','Namibe','Mo????medes','Augusto Archer de Sousa Mangueira','8.916 km??',9,'Oluherero, Portugu??s','Minoria Oluyaneka','2026-06-22 10:28:07');
INSERT INTO `provincia` (`id`, `slug`, `nome`, `capital`, `governador`, `extensao`, `num_municipios`, `linguas`, `etnias`, `atualizado_em`) VALUES (17,'uige','U??ge','U??ge','Jos?? Carvalho da Rocha','58.698 km??',19,'Kimbundu, Kikongo, Portugu??s','Ambundu, Bakongo','2026-06-22 10:28:07');
INSERT INTO `provincia` (`id`, `slug`, `nome`, `capital`, `governador`, `extensao`, `num_municipios`, `linguas`, `etnias`, `atualizado_em`) VALUES (18,'zaire','Zaire','Mbanza Kongo','Adriano Mendes de Carvalho','40.130 km??',10,'Kikongo, Portugu??s','Bakongo','2026-06-22 10:28:07');
INSERT INTO `provincia` (`id`, `slug`, `nome`, `capital`, `governador`, `extensao`, `num_municipios`, `linguas`, `etnias`, `atualizado_em`) VALUES (19,'moxico-leste','Moxico Leste','Cazombo','Crispiniano Vivaldino Evaristo dos Santos',NULL,9,'Cokwe, Portugu??s',NULL,'2026-06-22 10:28:07');
INSERT INTO `provincia` (`id`, `slug`, `nome`, `capital`, `governador`, `extensao`, `num_municipios`, `linguas`, `etnias`, `atualizado_em`) VALUES (20,'cuando','Cuando','Mavinga','L??cio Gon??alves Amaral',NULL,9,'Nganguela, Portugu??s','Ovanganguela','2026-06-22 10:28:07');
INSERT INTO `provincia` (`id`, `slug`, `nome`, `capital`, `governador`, `extensao`, `num_municipios`, `linguas`, `etnias`, `atualizado_em`) VALUES (21,'icolo-e-bengo','??colo e Bengo','Catete','Auz??lio De Oliveira Martins Jacob',NULL,7,'Kimbundu, Portugu??s','Ambundu','2026-06-22 10:28:07');
/*!40000 ALTER TABLE `provincia` ENABLE KEYS */;
UNLOCK TABLES;

LOCK TABLES `quiz` WRITE;
/*!40000 ALTER TABLE `quiz` DISABLE KEYS */;
INSERT INTO `quiz` (`id`, `titulo`, `descricao`, `categoria`, `thumbnail_filename`, `ativo`, `criado_por`, `criado_em`) VALUES (1,'Economia Angolana: Básico','Teste os seus conhecimentos sobre os fundamentos da economia angolana.','Economia',NULL,1,1,'2026-06-09 09:56:18');
INSERT INTO `quiz` (`id`, `titulo`, `descricao`, `categoria`, `thumbnail_filename`, `ativo`, `criado_por`, `criado_em`) VALUES (2,'História de Angola','Questões sobre os principais períodos da história angolana.','História',NULL,1,1,'2026-06-09 09:56:18');
INSERT INTO `quiz` (`id`, `titulo`, `descricao`, `categoria`, `thumbnail_filename`, `ativo`, `criado_por`, `criado_em`) VALUES (3,'Moeda e Inflação','Quiz criado por utilizador autorizado sobre moeda e inflação em Angola.','Economia',NULL,1,6,'2026-06-09 09:56:18');
/*!40000 ALTER TABLE `quiz` ENABLE KEYS */;
UNLOCK TABLES;

LOCK TABLES `quiz_pergunta` WRITE;
/*!40000 ALTER TABLE `quiz_pergunta` DISABLE KEYS */;
INSERT INTO `quiz_pergunta` (`id`, `quiz_id`, `pergunta`, `opcao_a`, `opcao_b`, `opcao_c`, `opcao_d`, `resposta_correta`, `explicacao`, `ordem`, `criado_em`) VALUES (1,1,'Qual foi o impacto da reforma monetária de 1999 em Angola?','Redução da inflação','Substituição do Kwanza antigo por uma nova moeda','Aumento do salário mínimo','Criação do Banco Central Africano',2,'A reforma monetária de 1999 substituiu o Kwanza antigo (AOK) pelo novo Kwanza (AOA), eliminando zeros da moeda.',1,'2026-06-09 09:56:18');
INSERT INTO `quiz_pergunta` (`id`, `quiz_id`, `pergunta`, `opcao_a`, `opcao_b`, `opcao_c`, `opcao_d`, `resposta_correta`, `explicacao`, `ordem`, `criado_em`) VALUES (2,1,'Qual sector liderou o crescimento económico angolano entre 2005 e 2014?','Agricultura','Petróleo e gás','Turismo','Tecnologia',2,'O sector petrolífero foi o principal motor do crescimento económico angolano neste período, representando mais de 40% do PIB.',2,'2026-06-09 09:56:18');
INSERT INTO `quiz_pergunta` (`id`, `quiz_id`, `pergunta`, `opcao_a`, `opcao_b`, `opcao_c`, `opcao_d`, `resposta_correta`, `explicacao`, `ordem`, `criado_em`) VALUES (3,1,'Qual é a moeda oficial de Angola?','Escudo','Real','Kwanza','Libra',3,'O Kwanza (AOA) é a moeda oficial de Angola desde 1977, com várias reformas ao longo dos anos.',3,'2026-06-09 09:56:18');
INSERT INTO `quiz_pergunta` (`id`, `quiz_id`, `pergunta`, `opcao_a`, `opcao_b`, `opcao_c`, `opcao_d`, `resposta_correta`, `explicacao`, `ordem`, `criado_em`) VALUES (4,1,'Qual organismo regula o sistema financeiro angolano?','Ministério das Finanças','Banco Nacional de Angola','Fundo Monetário Internacional','Banco Mundial',2,'O Banco Nacional de Angola (BNA) é o banco central e regulador do sistema financeiro angolano.',4,'2026-06-09 09:56:18');
INSERT INTO `quiz_pergunta` (`id`, `quiz_id`, `pergunta`, `opcao_a`, `opcao_b`, `opcao_c`, `opcao_d`, `resposta_correta`, `explicacao`, `ordem`, `criado_em`) VALUES (5,1,'O que significa a sigla PIB?','Produto Interno Bruto','Produto Internacional de Balança','Plano de Investimento Base','Programa de Iniciativa Bancária',1,'PIB — Produto Interno Bruto — é o valor total de bens e serviços produzidos num país num determinado período.',5,'2026-06-09 09:56:18');
INSERT INTO `quiz_pergunta` (`id`, `quiz_id`, `pergunta`, `opcao_a`, `opcao_b`, `opcao_c`, `opcao_d`, `resposta_correta`, `explicacao`, `ordem`, `criado_em`) VALUES (6,2,'Em que ano Angola proclamou a sua independência?','1961','1975','1980','1990',2,'Angola proclamou a independência de Portugal a 11 de Novembro de 1975.',1,'2026-06-09 09:56:18');
INSERT INTO `quiz_pergunta` (`id`, `quiz_id`, `pergunta`, `opcao_a`, `opcao_b`, `opcao_c`, `opcao_d`, `resposta_correta`, `explicacao`, `ordem`, `criado_em`) VALUES (7,2,'Qual foi o primeiro presidente de Angola?','José Eduardo dos Santos','Jonas Savimbi','Agostinho Neto','João Lourenço',3,'António Agostinho Neto foi o primeiro presidente da República Popular de Angola, de 1975 até à sua morte em 1979.',2,'2026-06-09 09:56:18');
INSERT INTO `quiz_pergunta` (`id`, `quiz_id`, `pergunta`, `opcao_a`, `opcao_b`, `opcao_c`, `opcao_d`, `resposta_correta`, `explicacao`, `ordem`, `criado_em`) VALUES (8,2,'Em que cidade foi assinado o Acordo de Paz de 2002?','Luanda','Namibe','Luena','Huambo',3,'O Memorando de Entendimento de Luena foi assinado a 4 de Abril de 2002, pondo fim à guerra civil angolana.',3,'2026-06-09 09:56:18');
INSERT INTO `quiz_pergunta` (`id`, `quiz_id`, `pergunta`, `opcao_a`, `opcao_b`, `opcao_c`, `opcao_d`, `resposta_correta`, `explicacao`, `ordem`, `criado_em`) VALUES (9,2,'Qual movimento proclamou a independência de Angola em 1975?','FNLA','UNITA','MPLA','FLEC',3,'O MPLA (Movimento Popular de Libertação de Angola) proclamou a independência em Luanda a 11 de Novembro de 1975.',4,'2026-06-09 09:56:18');
INSERT INTO `quiz_pergunta` (`id`, `quiz_id`, `pergunta`, `opcao_a`, `opcao_b`, `opcao_c`, `opcao_d`, `resposta_correta`, `explicacao`, `ordem`, `criado_em`) VALUES (10,2,'Qual é a capital de Angola?','Benguela','Huambo','Lubango','Luanda',4,'Luanda é a capital e maior cidade de Angola, situada na costa atlântica.',5,'2026-06-09 09:56:18');
INSERT INTO `quiz_pergunta` (`id`, `quiz_id`, `pergunta`, `opcao_a`, `opcao_b`, `opcao_c`, `opcao_d`, `resposta_correta`, `explicacao`, `ordem`, `criado_em`) VALUES (11,3,'O que é inflação?','Aumento generalizado e sustentado do nível de preços','Redução da taxa de juro pelo banco central','Aumento das exportações de petróleo','Depreciação das reservas de ouro',1,'Inflação é o aumento generalizado e sustentado do nível de preços de bens e serviços numa economia.',1,'2026-06-09 09:56:18');
INSERT INTO `quiz_pergunta` (`id`, `quiz_id`, `pergunta`, `opcao_a`, `opcao_b`, `opcao_c`, `opcao_d`, `resposta_correta`, `explicacao`, `ordem`, `criado_em`) VALUES (12,3,'Qual foi a taxa de inflação anual mais elevada registada em Angola na década de 1990?','Cerca de 50%','Cerca de 500%','Mais de 4000%','Cerca de 200%',3,'Angola registou taxas de hiperinflação superiores a 4000% ao ano durante os anos mais graves da guerra civil na década de 1990.',2,'2026-06-09 09:56:18');
INSERT INTO `quiz_pergunta` (`id`, `quiz_id`, `pergunta`, `opcao_a`, `opcao_b`, `opcao_c`, `opcao_d`, `resposta_correta`, `explicacao`, `ordem`, `criado_em`) VALUES (13,3,'Qual instrumento usa o BNA para controlar a inflação?','Taxa de câmbio fixa','Taxa de juro de referência (taxa BNA)','Congelamento de preços','Emissão ilimitada de moeda',2,'O Banco Nacional de Angola usa a taxa de juro de referência como principal instrumento de política monetária para controlar a inflação.',3,'2026-06-09 09:56:18');
INSERT INTO `quiz_pergunta` (`id`, `quiz_id`, `pergunta`, `opcao_a`, `opcao_b`, `opcao_c`, `opcao_d`, `resposta_correta`, `explicacao`, `ordem`, `criado_em`) VALUES (14,3,'O que significa \"kwanza\" como unidade monetária?','Nome de um chefe guerreiro histórico','Nome de um rio angolano','Palavra quimbundo que significa \"primeiro\"','Sigla de um tratado económico',2,'Kwanza é o nome de um rio angolano que serviu de inspiração para o nome da moeda nacional introduzida em 1977.',4,'2026-06-09 09:56:18');
INSERT INTO `quiz_pergunta` (`id`, `quiz_id`, `pergunta`, `opcao_a`, `opcao_b`, `opcao_c`, `opcao_d`, `resposta_correta`, `explicacao`, `ordem`, `criado_em`) VALUES (15,3,'Qual das seguintes é uma consequência da hiperinflação?','Aumento do poder de compra da população','Erosão das poupanças e instabilidade económica','Redução da dívida pública','Aumento das exportações',2,'A hiperinflação destrói o valor das poupanças, gera incerteza económica e dificulta o planeamento de longo prazo.',5,'2026-06-09 09:56:18');
/*!40000 ALTER TABLE `quiz_pergunta` ENABLE KEYS */;
UNLOCK TABLES;

LOCK TABLES `resposta_forum` WRITE;
/*!40000 ALTER TABLE `resposta_forum` DISABLE KEYS */;
/*!40000 ALTER TABLE `resposta_forum` ENABLE KEYS */;
UNLOCK TABLES;

LOCK TABLES `resposta_quiz` WRITE;
/*!40000 ALTER TABLE `resposta_quiz` DISABLE KEYS */;
INSERT INTO `resposta_quiz` (`id`, `subscrito_id`, `quiz_id`, `pergunta_id`, `resposta_escolhida`, `correta`, `tempo_resposta_segundos`, `respondido_em`) VALUES (1,1,2,10,'4',1,NULL,'2026-06-17 12:31:59');
INSERT INTO `resposta_quiz` (`id`, `subscrito_id`, `quiz_id`, `pergunta_id`, `resposta_escolhida`, `correta`, `tempo_resposta_segundos`, `respondido_em`) VALUES (2,1,2,8,'3',1,NULL,'2026-06-17 12:31:59');
INSERT INTO `resposta_quiz` (`id`, `subscrito_id`, `quiz_id`, `pergunta_id`, `resposta_escolhida`, `correta`, `tempo_resposta_segundos`, `respondido_em`) VALUES (3,1,2,6,'2',1,NULL,'2026-06-17 12:31:59');
INSERT INTO `resposta_quiz` (`id`, `subscrito_id`, `quiz_id`, `pergunta_id`, `resposta_escolhida`, `correta`, `tempo_resposta_segundos`, `respondido_em`) VALUES (4,1,2,9,'3',1,NULL,'2026-06-17 12:31:59');
INSERT INTO `resposta_quiz` (`id`, `subscrito_id`, `quiz_id`, `pergunta_id`, `resposta_escolhida`, `correta`, `tempo_resposta_segundos`, `respondido_em`) VALUES (5,1,2,7,'3',1,NULL,'2026-06-17 12:31:59');
/*!40000 ALTER TABLE `resposta_quiz` ENABLE KEYS */;
UNLOCK TABLES;

LOCK TABLES `resposta_quiz_usuario` WRITE;
/*!40000 ALTER TABLE `resposta_quiz_usuario` DISABLE KEYS */;
INSERT INTO `resposta_quiz_usuario` (`id`, `usuario_id`, `quiz_id`, `pontuacao`, `total_perguntas`, `percentual_acerto`, `data_realizacao`) VALUES (1,1,2,5,5,100,'2026-06-17 12:31:59');
/*!40000 ALTER TABLE `resposta_quiz_usuario` ENABLE KEYS */;
UNLOCK TABLES;

LOCK TABLES `solicitacao_acesso_jindungo` WRITE;
/*!40000 ALTER TABLE `solicitacao_acesso_jindungo` DISABLE KEYS */;
/*!40000 ALTER TABLE `solicitacao_acesso_jindungo` ENABLE KEYS */;
UNLOCK TABLES;

LOCK TABLES `topico_forum` WRITE;
/*!40000 ALTER TABLE `topico_forum` DISABLE KEYS */;
INSERT INTO `topico_forum` (`id`, `titulo`, `descricao`, `criado_por`, `tipo_privacidade`, `categoria`, `tags`, `requires_access`, `fixado`, `resolvido`, `resposta_aceite_id`, `likes`, `votos`, `respostas`, `visualizacoes`, `criado_em`, `ultima_atividade`) VALUES (1,'Exportação de petróleo: dependência económica','Angola continua altamente dependente das exportações de petróleo, que representam cerca de 95% das receitas de exportação e mais de 70% das receitas fiscais do governo. Esta dependência torna a economia angolana extremamente vulnerável às flutuações dos preços internacionais do petróleo. Quando os preços caem, como aconteceu em 2014-2016 e mais recentemente em 2020, o país enfrenta graves crises económicas, com desvalorização da moeda, aumento da dívida pública e cortes nos gastos sociais. A diversificação económica é apontada como solução, mas requer investimentos significativos em infraestrutura, educação e políticas públicas consistentes para desenvolver setores como agricultura, indústria transformadora e turismo.',1,'publico','Economia Actual',NULL,0,0,0,NULL,0,0,0,0,'2026-06-22 10:43:42','2026-06-24 10:59:28');
INSERT INTO `topico_forum` (`id`, `titulo`, `descricao`, `criado_por`, `tipo_privacidade`, `categoria`, `tags`, `requires_access`, `fixado`, `resolvido`, `resposta_aceite_id`, `likes`, `votos`, `respostas`, `visualizacoes`, `criado_em`, `ultima_atividade`) VALUES (2,'O Caminho do Ferro de Benguela e a Carreação do Lobito','O Caminho de Ferro de Benguela (CFB) foi uma das infraestruturas mais importantes da África Austral, ligando o porto do Lobito, em Angola, à província mineralógica do Katanga, na atual República Democrática do Congo. Construído entre 1902 e 1929, o CFB desempenhou um papel crucial no comércio regional, escoando cobre, cobalto e outros minerais. Durante a guerra civil angolana (1975-2002), o caminho de ferro foi severamente danificado e ficou inoperante. Após a guerra, iniciou-se um processo de reabilitação que culminou com a reabertura em 2015. O Corredor do Lobito, que inclui o CFB, é agora uma das principais prioridades de investimento internacional, incluindo parcerias com os Estados Unidos e a União Europeia.',1,'publico','Sociedade',NULL,0,0,0,NULL,0,0,0,0,'2026-06-22 10:43:42','2026-06-22 10:43:42');
INSERT INTO `topico_forum` (`id`, `titulo`, `descricao`, `criado_por`, `tipo_privacidade`, `categoria`, `tags`, `requires_access`, `fixado`, `resolvido`, `resposta_aceite_id`, `likes`, `votos`, `respostas`, `visualizacoes`, `criado_em`, `ultima_atividade`) VALUES (3,'O Ciclo do Café: Do auge à diversificação','Entre as décadas de 1960 e 1970, Angola era o quarto maior produtor de café do mundo e o maior exportador de café robusta. O café angolano era reconhecido internacionalmente pela sua qualidade. No entanto, a independência em 1975 e a subsequente guerra civil devastaram a produção cafeeira. Muitas fazendas foram abandonadas, a infraestrutura foi destruída e o conhecimento técnico foi perdido. Hoje, Angola produz apenas uma fração do que produzia antes da independência. Existem esforços para revitalizar o setor, com programas de apoio aos pequenos agricultores e investimentos em processamento local, mas o caminho para recuperar a posição de destaque é longo.',1,'publico','História Económica',NULL,0,0,0,NULL,0,0,0,0,'2026-06-22 10:43:42','2026-06-22 10:43:42');
INSERT INTO `topico_forum` (`id`, `titulo`, `descricao`, `criado_por`, `tipo_privacidade`, `categoria`, `tags`, `requires_access`, `fixado`, `resolvido`, `resposta_aceite_id`, `likes`, `votos`, `respostas`, `visualizacoes`, `criado_em`, `ultima_atividade`) VALUES (4,'Agricultura: o futuro da economia angolana?','Angola possui cerca de 58 milhões de hectares de terras aráveis, clima favorável e recursos hídricos abundantes. Apesar disso, o país ainda importa grande parte dos alimentos que consome. As razões incluem a falta de investimento no setor, a dependência histórica do petróleo, a destruição das infraestruturas durante a guerra civil e a dificuldade de acesso ao crédito para os agricultores. Para reverter este quadro, é necessário um plano integrado que inclua: recuperação de estradas rurais, linhas de crédito específicas, programas de extensão agrícola, investimento em irrigação e incentivos à agroindústria.',1,'publico','Economia',NULL,0,0,0,NULL,0,0,0,0,'2026-06-22 10:43:42','2026-06-22 10:43:42');
INSERT INTO `topico_forum` (`id`, `titulo`, `descricao`, `criado_por`, `tipo_privacidade`, `categoria`, `tags`, `requires_access`, `fixado`, `resolvido`, `resposta_aceite_id`, `likes`, `votos`, `respostas`, `visualizacoes`, `criado_em`, `ultima_atividade`) VALUES (5,'Comparação: Angola vs Nigéria - Gestão de recursos petrolíferos','Nigéria e Angola são os dois maiores produtores de petróleo da África Subsaariana. Enquanto a Nigéria tem uma população muito maior e uma economia mais diversificada, Angola tem uma dependência ainda maior do petróleo. A Nigéria aprendeu, através de crises sucessivas, a necessidade de diversificar e desenvolveu setores como telecomunicações, serviços financeiros e entretenimento (Nollywood). Angola pode aprender com a experiência nigeriana a importância de: criar um fundo soberano robusto, investir em infraestrutura, promover políticas de conteúdo local e desenvolver cadeias de valor em setores não petrolíferos.',1,'publico','Análise Comparativa',NULL,0,0,0,NULL,0,0,0,0,'2026-06-22 10:43:42','2026-06-22 10:43:42');
INSERT INTO `topico_forum` (`id`, `titulo`, `descricao`, `criado_por`, `tipo_privacidade`, `categoria`, `tags`, `requires_access`, `fixado`, `resolvido`, `resposta_aceite_id`, `likes`, `votos`, `respostas`, `visualizacoes`, `criado_em`, `ultima_atividade`) VALUES (6,'Reforma Fiscal em Angola: Desafios e Oportunidades','A reforma fiscal é essencial para reduzir a dependência do petróleo e aumentar a arrecadação interna. Angola precisa diversificar suas fontes de receita através de uma tributação mais eficiente e justa. Isso inclui melhorar a administração tributária, ampliar a base de contribuintes, reduzir a evasão fiscal e criar incentivos para setores não petrolíferos. Experiências internacionais mostram que países que implementaram reformas fiscais abrangentes conseguiram aumentar significativamente sua resiliência económica.',1,'publico','Economia',NULL,0,0,0,NULL,0,0,0,0,'2026-06-22 10:43:42','2026-06-24 11:20:19');
INSERT INTO `topico_forum` (`id`, `titulo`, `descricao`, `criado_por`, `tipo_privacidade`, `categoria`, `tags`, `requires_access`, `fixado`, `resolvido`, `resposta_aceite_id`, `likes`, `votos`, `respostas`, `visualizacoes`, `criado_em`, `ultima_atividade`) VALUES (7,'Impacto da Zona de Livre Comércio Continental Africana (ZLECA) em Angola','A Zona de Livre Comércio Continental Africana (ZLECA) é um dos maiores acordos comerciais do mundo em termos de número de países participantes. Para Angola, que historicamente tem dependido do petróleo e importado grande parte dos bens de consumo, este acordo representa tanto desafios quanto oportunidades. Os desafios incluem a necessidade de melhorar a competitividade da indústria local, reduzir custos de produção e eliminar barreiras burocráticas. As oportunidades incluem acesso a um mercado de 1,3 bilhão de consumidores, possibilidade de exportar produtos agrícolas e manufaturados, e atração de investimentos para zonas de processamento de exportação.',1,'publico','Economia',NULL,0,0,0,NULL,0,0,0,1,'2026-06-22 10:43:42','2026-06-24 11:20:55');
INSERT INTO `topico_forum` (`id`, `titulo`, `descricao`, `criado_por`, `tipo_privacidade`, `categoria`, `tags`, `requires_access`, `fixado`, `resolvido`, `resposta_aceite_id`, `likes`, `votos`, `respostas`, `visualizacoes`, `criado_em`, `ultima_atividade`) VALUES (8,'A Importância do Porto do Lobito para o Desenvolvimento Regional','O Porto do Lobito tem uma localização estratégica no litoral atlântico de Angola, servindo como porta de entrada e saída para produtos de Angola e dos países vizinhos como Zâmbia e RDC. Com investimentos recentes em modernização e expansão, o porto tem capacidade para movimentar cargas contentorizadas, granéis sólidos e líquidos, e carga geral. Para maximizar seu potencial, é necessário investir em conectividade ferroviária (Caminho de Ferro de Benguela), reduzir custos portuários, melhorar a eficiência alfandegária e desenvolver zonas de processamento de exportação nas proximidades.',1,'publico','Infraestrutura',NULL,0,0,0,NULL,0,1,0,0,'2026-06-22 10:43:42','2026-06-24 11:20:14');
INSERT INTO `topico_forum` (`id`, `titulo`, `descricao`, `criado_por`, `tipo_privacidade`, `categoria`, `tags`, `requires_access`, `fixado`, `resolvido`, `resposta_aceite_id`, `likes`, `votos`, `respostas`, `visualizacoes`, `criado_em`, `ultima_atividade`) VALUES (9,'O Futuro da Indústria de Telecomunicações em Angola','Angola tem feito progressos significativos no setor de telecomunicações nos últimos anos, com a expansão da rede de fibra ótica e o lançamento de serviços 5G em algumas áreas urbanas. No entanto, ainda existem desafios como a cobertura em áreas rurais, o custo dos serviços para a população, e a necessidade de desenvolver competências digitais. Para aproveitar plenamente o potencial da transformação digital, Angola precisa investir em infraestrutura de conectividade, promover a literacia digital, incentivar a inovação e o empreendedorismo tecnológico, e criar um ambiente regulatório favorável ao investimento privado.',1,'publico','Tecnologia',NULL,0,0,0,NULL,0,0,0,0,'2026-06-22 10:43:42','2026-06-24 11:20:47');
INSERT INTO `topico_forum` (`id`, `titulo`, `descricao`, `criado_por`, `tipo_privacidade`, `categoria`, `tags`, `requires_access`, `fixado`, `resolvido`, `resposta_aceite_id`, `likes`, `votos`, `respostas`, `visualizacoes`, `criado_em`, `ultima_atividade`) VALUES (10,'Estratégias para o Turismo Sustentável em Angola','Angola possui paisagens deslumbrantes, desde as praias do Namibe até as quedas da Kalandula e a biodiversidade da Kissama. O turismo sustentável pode ser uma fonte importante de diversificação económica, criando empregos e gerando divisas. Para desenvolver o setor, Angola precisa investir em infraestrutura turística, capacitar recursos humanos, promover o país internacionalmente, simplificar o processo de vistos e garantir a proteção ambiental e a valorização do patrimônio cultural.',1,'publico','Turismo',NULL,0,0,0,NULL,0,0,0,1,'2026-06-22 10:43:42','2026-06-24 11:20:38');
INSERT INTO `topico_forum` (`id`, `titulo`, `descricao`, `criado_por`, `tipo_privacidade`, `categoria`, `tags`, `requires_access`, `fixado`, `resolvido`, `resposta_aceite_id`, `likes`, `votos`, `respostas`, `visualizacoes`, `criado_em`, `ultima_atividade`) VALUES (11,'O Papel da Sociedade Civil na Consolidação da Democracia em Angola','A sociedade civil desempenha um papel fundamental na consolidação da democracia, na promoção dos direitos humanos e no combate à corrupção. Em Angola, apesar dos desafios, existem organizações que trabalham em áreas como transparência, participação cidadã, proteção ambiental e direitos das mulheres. Para fortalecer o papel da sociedade civil, é necessário criar um ambiente legal que garanta a liberdade de associação e expressão, promover o diálogo entre o governo e a sociedade civil, e capacitar as organizações para que possam desempenhar eficazmente as suas funções.',1,'publico','Sociedade',NULL,0,0,0,NULL,0,1,0,4,'2026-06-22 10:43:42','2026-06-24 11:21:08');
/*!40000 ALTER TABLE `topico_forum` ENABLE KEYS */;
UNLOCK TABLES;

LOCK TABLES `topico_privado_acesso` WRITE;
/*!40000 ALTER TABLE `topico_privado_acesso` DISABLE KEYS */;
/*!40000 ALTER TABLE `topico_privado_acesso` ENABLE KEYS */;
UNLOCK TABLES;

LOCK TABLES `topico_usuario` WRITE;
/*!40000 ALTER TABLE `topico_usuario` DISABLE KEYS */;
/*!40000 ALTER TABLE `topico_usuario` ENABLE KEYS */;
UNLOCK TABLES;

LOCK TABLES `utilizador` WRITE;
/*!40000 ALTER TABLE `utilizador` DISABLE KEYS */;
INSERT INTO `utilizador` (`id`, `nome`, `email`, `senha_hash`, `telemovel`, `provincia`, `instituicao`, `curso`, `tipo`, `pode_criar_quiz`, `avatar_url`, `ativo`, `criado_em`, `ultimo_acesso`) VALUES (1,'Administrador','admin@economiahistoria.ao','$2b$10$yiWpM4lSoAJLal6rmHZkA.kCcxHx0vgRIsCGB1a2pzvO7yK.ZNMCG','+244923000001','Luanda','Economia com História','Administração','admin',0,NULL,1,'2026-06-09 09:56:18','2026-06-24 10:51:53');
INSERT INTO `utilizador` (`id`, `nome`, `email`, `senha_hash`, `telemovel`, `provincia`, `instituicao`, `curso`, `tipo`, `pode_criar_quiz`, `avatar_url`, `ativo`, `criado_em`, `ultimo_acesso`) VALUES (2,'Carlos Mendonça','carlos@email.com','$2b$10$HIAsU/VTAg9XrCQzMGySluvKzafqUaAf4VgvepptTVD76jXmzIfQS','+244923000002','Luanda','Universidade Agostinho Neto','Economia','subscrito',0,NULL,1,'2026-06-09 09:56:18',NULL);
INSERT INTO `utilizador` (`id`, `nome`, `email`, `senha_hash`, `telemovel`, `provincia`, `instituicao`, `curso`, `tipo`, `pode_criar_quiz`, `avatar_url`, `ativo`, `criado_em`, `ultimo_acesso`) VALUES (3,'Maria Fernanda','maria@email.com','$2b$10$CsMhaavDbOxDq5CdDfWJRuK5rp2Uve9kbO19WQ5VpMjKiAs7O2lw.','+244923000003','Benguela','Universidade Católica de Angola','História','subscrito',0,NULL,1,'2026-06-09 09:56:18',NULL);
INSERT INTO `utilizador` (`id`, `nome`, `email`, `senha_hash`, `telemovel`, `provincia`, `instituicao`, `curso`, `tipo`, `pode_criar_quiz`, `avatar_url`, `ativo`, `criado_em`, `ultimo_acesso`) VALUES (4,'João Baptista','joao@email.com','$2b$10$qajOvzAveDPxEcJ5FP07vOEWKHiLBo/Sxg5Dc9iMfWJIlgALLjZA2','+244923000004','Huambo','Instituto Superior Politécnico do Huambo','Gestão','subscrito',0,NULL,1,'2026-06-09 09:56:18',NULL);
INSERT INTO `utilizador` (`id`, `nome`, `email`, `senha_hash`, `telemovel`, `provincia`, `instituicao`, `curso`, `tipo`, `pode_criar_quiz`, `avatar_url`, `ativo`, `criado_em`, `ultimo_acesso`) VALUES (5,'Super Administrador','superadmin@economiahistoria.ao','$2b$10$/se7k.ii0kYjoT0QmaWqz.F7LYvCXc7bPGfndlfmWsrbkNbj5d3he','+244923000005','Luanda','Economia com História','Administração','superadmin',0,NULL,1,'2026-06-09 09:56:18',NULL);
INSERT INTO `utilizador` (`id`, `nome`, `email`, `senha_hash`, `telemovel`, `provincia`, `instituicao`, `curso`, `tipo`, `pode_criar_quiz`, `avatar_url`, `ativo`, `criado_em`, `ultimo_acesso`) VALUES (6,'Ana Lúcia Cardoso','ana@email.com','$2b$10$1odRzd8QqwcHgM/CdlbUXe4E9f4OFedNHDDGG1nHAPY7Qu.LSe0b6','+244923000006','Luanda','Universidade Jean Piaget','Economia','subscrito',1,NULL,1,'2026-06-09 09:56:18',NULL);
/*!40000 ALTER TABLE `utilizador` ENABLE KEYS */;
UNLOCK TABLES;

LOCK TABLES `voto_resposta` WRITE;
/*!40000 ALTER TABLE `voto_resposta` DISABLE KEYS */;
/*!40000 ALTER TABLE `voto_resposta` ENABLE KEYS */;
UNLOCK TABLES;

LOCK TABLES `voto_topico` WRITE;
/*!40000 ALTER TABLE `voto_topico` DISABLE KEYS */;
INSERT INTO `voto_topico` (`id`, `topico_id`, `utilizador_id`, `valor`, `criado_em`) VALUES (16,8,1,1,'2026-06-24 11:20:14');
INSERT INTO `voto_topico` (`id`, `topico_id`, `utilizador_id`, `valor`, `criado_em`) VALUES (21,11,1,1,'2026-06-24 11:21:08');
/*!40000 ALTER TABLE `voto_topico` ENABLE KEYS */;
UNLOCK TABLES;
/*!40103 SET TIME_ZONE=@OLD_TIME_ZONE */;

/*!40101 SET SQL_MODE=@OLD_SQL_MODE */;
/*!40014 SET FOREIGN_KEY_CHECKS=@OLD_FOREIGN_KEY_CHECKS */;
/*!40101 SET CHARACTER_SET_CLIENT=@OLD_CHARACTER_SET_CLIENT */;
/*!40101 SET CHARACTER_SET_RESULTS=@OLD_CHARACTER_SET_RESULTS */;
/*!40101 SET COLLATION_CONNECTION=@OLD_COLLATION_CONNECTION */;
/*!40111 SET SQL_NOTES=@OLD_SQL_NOTES */;

